﻿<?xml version="1.0" encoding="utf-8"?>
<root product-version="12.2.19.0">
  <entities>
    <entity ref="global">
      <uploads />
      <attribute name="03efa0ac-d249-452f-8dcb-0cc3f4eba04c" type="text" user-created="true" validation-message="Invalid value." public-name="loan_type">
        <text>
          <base>the loan type</base>
        </text>
        <enumeration-list ref-id="762f3027-781e-4e46-8b8e-84dd8e02c384" />
      </attribute>
      <attribute name="2b531411-03ac-4bef-a64b-24b91259e4b1" type="currency" user-created="true" validation-message="Invalid value." public-name="loan_purchase_price">
        <text>
          <base>the purchase price</base>
        </text>
      </attribute>
      <attribute name="82f4a315-28cf-4dca-b409-de7969279b91" type="currency" user-created="true" validation-message="Invalid value." public-name="loan_down_payment">
        <text>
          <base>the down payment</base>
        </text>
      </attribute>
      <attribute name="0d65e2eb-a2f6-4393-a540-56b7fb9b65e6" type="currency" user-created="true" validation-message="Invalid value.">
        <text>
          <base>the loan amount</base>
        </text>
      </attribute>
      <attribute name="815a3ed1-f105-4099-b954-50ef61437e04" type="text" user-created="true" validation-message="Invalid value." public-name="loan_selected_package">
        <text>
          <base>the selected loan package</base>
        </text>
        <enumeration-list ref-id="833daf01-90a3-487e-81d3-0ca5dadeb7b5" />
      </attribute>
      <attribute name="df8a86f8-e161-40e6-a8aa-7f37ee51adba" type="currency" validation-message="Invalid value.">
        <text>
          <base>the monthly repayment</base>
        </text>
      </attribute>
      <attribute name="38a9c5f8-407a-4100-9cb3-2189b9391fd4" type="text" validation-message="Invalid value." public-name="effective_rate">
        <text>
          <base>the effective rate display</base>
        </text>
      </attribute>
      <attribute name="a0f93fd9-b835-41ad-a022-7736f1da4c2b" type="boolean" user-created="true" validation-message="Invalid value." public-name="loan_extrapayment">
        <text>
          <base>the applicant wants to make an extra monthly payment</base>
          <parse>s(ver('12.2.5.518'),v(want,t(simple,present,normal)),sb('the applicant',singular),o('to make an extra monthly payment'))</parse>
        </text>
      </attribute>
      <attribute name="d8085631-e1e5-46b4-8e75-933b363cbdf0" type="currency" user-created="true" validation-message="Invalid value." public-name="loan_extrapayment_amount">
        <text>
          <base>the extra monthly payment amount</base>
        </text>
      </attribute>
      <attribute name="9bb9ef3f-3e31-4f05-8c9f-c072c87cb810" type="number" user-created="true" validation-message="Invalid value." public-name="loan_interest_rate">
        <text>
          <base>the variable interest rate</base>
        </text>
      </attribute>
      <attribute name="5befb57a-9232-4d4e-a905-ab78d644b2d0" type="number" validation-message="Invalid value.">
        <text>
          <base>the monthly interest rate</base>
        </text>
      </attribute>
      <attribute name="d0a6d32f-ec61-4bdb-b0e5-6ddef7e2c474" type="currency" public-name="net_worth" analysis-output-label="" analysis-input-parameter-label="" save-audit="false" validation-message="Invalid value.">
        <text>
          <base>the applicant's net worth</base>
        </text>
      </attribute>
      <attribute name="63c31ff1-f30b-4291-807f-689c797f7e12" type="currency" analysis-output-label="" analysis-input-parameter-label="" save-audit="false" validation-message="Invalid value." public-name="default_downpayment">
        <text>
          <base>the default down payment amount</base>
        </text>
      </attribute>
      <attribute name="146e7e37-c8fa-4cf6-aefe-afa28a3062f8" type="text" public-name="loan_duration" analysis-output-label="" analysis-input-parameter-label="" save-audit="false" validation-message="Invalid value.">
        <text>
          <base>the loan duration text</base>
        </text>
      </attribute>
      <attribute name="36828a2b-5894-4ea6-84ac-49c2a7adcfb2" type="currency" public-name="total_interest" analysis-output-label="" analysis-input-parameter-label="" save-audit="false" validation-message="Invalid value.">
        <text>
          <base>the total interest payments</base>
          <parse></parse>
        </text>
      </attribute>
      <attribute name="3167e02b-3cd2-4e7b-b1f2-f3bd114e24dc" type="currency" validation-message="Invalid value." public-name="default_price">
        <text>
          <base>the default purchase price</base>
        </text>
      </attribute>
      <attribute name="073a7671-9e2b-409d-bb48-e7bf8d25165b" type="currency" silent-if-true="true" silent-if-false="true" silent-if-uncertain="true" silent-if-unknown="true" validation-message="Invalid value." public-name="minimum_repayment">
        <text>
          <base>the minimum monthly repayment</base>
        </text>
      </attribute>
      <attribute name="08810494-c94d-4844-88c6-392d9353586e" type="currency" validation-message="Invalid value." public-name="total_repayment">
        <text>
          <base>the total monthly repayment</base>
        </text>
      </attribute>
      <attribute name="99ed57ee-c949-419f-bde9-82e191301e2b" type="number" validation-message="Invalid value." public-name="customer_age">
        <text>
          <base>the customer's age</base>
        </text>
      </attribute>
      <attribute name="43a535bb-bb1a-4d00-adcf-9b3ac35b6ed7" type="boolean" public-name="customer_employed" validation-message="Invalid value.">
        <text>
          <base>the customer is currently employed</base>
          <parse>s(ver('12.2.5.518'),v(be,t(simple,present,normal)),sb('the customer',singular),o('currently employed'))</parse>
        </text>
      </attribute>
      <attribute name="fe8a983d-3711-4f19-82e6-d0649a2a8af8" type="boolean">
        <text>
          <base>the customer has been in the same job for at least 2 years</base>
          <parse>s(ver('12.2.5.518'),v(be,t(simple,present,perfect)),sb('the customer',singular),o('in the same job for at least 2 years'))</parse>
        </text>
      </attribute>
      <attribute name="33c27507-a873-4c5c-ae66-61f6f9ae5645" type="boolean">
        <text>
          <base>the customer has been in the same job for at least 6 months</base>
          <parse>s(ver('12.2.5.518'),v(be,t(simple,present,perfect)),sb('the customer',singular),o('in the same job for at least 6 months'))</parse>
        </text>
      </attribute>
      <attribute name="23eab0e5-f3aa-4d04-8643-cc93516f9c16" type="boolean" public-name="goal_eligible" validation-message="Invalid value.">
        <text>
          <base>the customer is eligible for a loan</base>
          <parse>s(ver('12.2.5.518'),v(be,t(simple,present,normal)),sb('the customer',singular),o('eligible for a loan'))</parse>
        </text>
      </attribute>
      <attribute name="f64ad71d-374f-4ced-a38e-80f0ea6a9579" type="boolean" user-created="true" validation-message="Invalid value." public-name="customer_previous_default_creditcard">
        <text>
          <base>the customer has defaulted on a credit card</base>
          <parse>s(ver('12.2.5.518'),v(default,t(simple,present,perfect)),sb('the customer',singular),o('on a credit card'))</parse>
        </text>
      </attribute>
      <attribute name="db6398bc-89c9-4fc3-8737-da95c1a7d7a0" type="boolean" user-created="true" validation-message="Invalid value." public-name="customer_previous_default_loan">
        <text>
          <base>the customer has defaulted on a bank loan</base>
          <parse>s(ver('12.2.5.518'),v(default,t(simple,present,perfect)),sb('the customer',singular),o('on a bank loan'))</parse>
        </text>
      </attribute>
      <attribute name="d47d8cab-91f2-4ed1-9e2c-f7a6cc02732a" type="boolean" public-name="customer_bankrupt" validation-message="Invalid value.">
        <text>
          <base>the customer has been declared bankrupt</base>
          <parse>s(ver('12.2.5.518'),v(be,t(simple,present,perfect)),sb('the customer',singular),o('declared bankrupt'))</parse>
        </text>
      </attribute>
      <attribute name="28dbbdf7-a93e-4da4-a5c1-3d53bb26af00" type="boolean" public-name="customer_resident" validation-message="Invalid value.">
        <text>
          <base>the customer is a resident</base>
          <parse>s(ver('12.2.5.518'),v(be,t(simple,present,normal)),sb('the customer',singular),o('a resident'))</parse>
        </text>
      </attribute>
      <attribute name="d3f5789c-2121-46ad-b4db-46634b57d4b3" type="text" validation-message="Invalid value." public-name="customer_job_period">
        <text>
          <base>the period the customer has been in the job</base>
        </text>
      </attribute>
      <attribute name="0c338640-ea7a-4aaf-a60b-3f82f8b4a14b" type="text" public-name="loan_package" validation-message="Invalid value.">
        <text>
          <base>the loan package display</base>
        </text>
      </attribute>
      <attribute name="3046f3d9-aeca-450c-a2cb-20f1c1567a73" type="number" validation-message="Invalid value.">
        <text>
          <base>the loan to value ratio (LVR)</base>
        </text>
      </attribute>
      <attribute name="b8f54e28-502a-4f11-9f19-92cb1f79fa01" type="number" validation-message="Invalid value.">
        <text>
          <base>the loan duration in years</base>
        </text>
      </attribute>
      <attribute name="a59a50e4-9195-487a-80db-5bd4891bdd29" type="number" validation-message="Invalid value.">
        <text>
          <base>the number of months</base>
        </text>
      </attribute>
      <attribute name="4434fa87-c438-43b0-b313-904ec4a8de0a" type="number" validation-message="Invalid value.">
        <text>
          <base>the minimum age for loan approval</base>
        </text>
      </attribute>
      <attribute name="1011b298-ec4a-4339-b219-04fb5a432d85" type="number" validation-message="Invalid value.">
        <text>
          <base>the loan duration</base>
        </text>
      </attribute>
      <attribute name="e17001d6-b16c-415d-8187-f03216fd4c20" type="number" validation-message="Invalid value.">
        <text>
          <base>the maximum loan to value ratio (LVR)</base>
        </text>
      </attribute>
      <attribute name="c306d5ae-522e-4b63-bedf-44b17e509802" type="currency" validation-message="Invalid value.">
        <text>
          <base>the bank's maximum loan amount</base>
        </text>
      </attribute>
      <attribute name="0aa23588-77ae-44d1-9644-9b6f04f45a9e" type="currency" validation-message="Invalid value.">
        <text>
          <base>the bank's minimum loan amount</base>
        </text>
      </attribute>
      <attribute name="2e6c192e-de46-48bd-b1ae-059d75d08a9c" type="currency" validation-message="Invalid value.">
        <text>
          <base>the customer's monthly income</base>
        </text>
      </attribute>
      <attribute name="6bc6de50-e968-4580-8788-5e570b2c7e7b" type="currency" validation-message="Invalid value.">
        <text>
          <base>the monthly rate</base>
        </text>
      </attribute>
    </entity>
    <entity id="655a376c-440c-40d6-9aa8-74d1c5c9a6d3" name="the asset" identifying-attribute-name="d1145711-b192-492d-a927-843b75026aa0" containment-relationship-id="8e5d3199-fdd5-4f3e-92dd-192321adaf88" containment-parent-id="global" public-id="asset">
      <uploads />
      <attribute name="d1145711-b192-492d-a927-843b75026aa0" type="text" public-name="asset_name" substitutable="true" default-gender="Generic" user-created="true" validation-message="Invalid value.">
        <text>
          <base>the asset</base>
        </text>
      </attribute>
      <attribute name="b7e40996-78dd-41a1-9019-e6f1cb173903" type="text" user-created="true" validation-message="Invalid value." public-name="asset_type">
        <text>
          <base>the asset type</base>
        </text>
        <enumeration-list ref-id="ad384c8b-2f04-4ac9-a96d-fdef00168266" />
      </attribute>
      <attribute name="6aa3a8e5-79bb-445d-a0d2-74967da4a4ee" type="currency" user-created="true" validation-message="Invalid value." public-name="asset_value">
        <text>
          <base>the asset value</base>
        </text>
      </attribute>
      <attribute name="9fe44711-7f12-4fa3-9f87-f076fdd2e736" type="currency" validation-message="Invalid value.">
        <text>
          <base>the asset's known value</base>
        </text>
      </attribute>
    </entity>
    <entity id="8aa039a7-0624-4482-9f57-c5eec60a30ca" name="the liability" identifying-attribute-name="9b79b34c-ea8d-49f9-900f-35fef516acb3" containment-relationship-id="0e3e847f-20ff-40ae-b8d5-e6777b23c36a" containment-parent-id="global" public-id="liability">
      <uploads />
      <attribute name="9b79b34c-ea8d-49f9-900f-35fef516acb3" type="text" public-name="liability_name" substitutable="true" default-gender="Generic" user-created="true" validation-message="Invalid value.">
        <text>
          <base>the liability</base>
        </text>
      </attribute>
      <attribute name="48edf472-54fe-41b3-b754-c6dc0cc95f52" type="text" user-created="true" validation-message="Invalid value." public-name="liability_type">
        <text>
          <base>the liability type</base>
        </text>
        <enumeration-list ref-id="92bc4bc5-04d7-4f97-93ea-fcd6b5739c13" />
      </attribute>
      <attribute name="cc957b63-12a1-43bf-8941-4ac927bade29" type="currency" user-created="true" validation-message="Invalid value." public-name="liability_value">
        <text>
          <base>the liability value</base>
        </text>
      </attribute>
      <attribute name="8c97d5d6-864f-4adc-91cf-befdcdc466b4" type="currency" validation-message="Invalid value.">
        <text>
          <base>the liability's known value</base>
        </text>
      </attribute>
    </entity>
    <entity id="c8741919-b3ea-4f24-adef-40f6de3d3ba0" name="the payment" identifying-attribute-name="5caa7475-f59f-48a4-93e5-76c0c173ce60" containment-relationship-id="bc0fc65e-6470-445b-bb31-f58191e24e16" containment-parent-id="global" public-id="payment">
      <uploads />
      <attribute name="2a942257-82ea-44f5-9868-d25acd03074d" type="currency" user-created="true" validation-message="Invalid value." public-name="payment_balance">
        <text>
          <base>the payment balance</base>
        </text>
      </attribute>
      <attribute name="a8330925-2401-46b1-8969-10f633b8016e" type="auto">
        <text>
          <base>the payment label</base>
        </text>
      </attribute>
      <attribute name="126c6d65-2364-4ac0-9928-3d55ca39e5c6" type="currency" validation-message="Invalid value.">
        <text>
          <base>the payment default balance</base>
        </text>
      </attribute>
      <attribute name="5caa7475-f59f-48a4-93e5-76c0c173ce60" type="number" validation-message="Invalid value." public-name="payment_ID">
        <text>
          <base>the payment index</base>
        </text>
      </attribute>
      <attribute name="dde8db23-5c79-4117-b203-6a419c631d30" type="currency" validation-message="Invalid value.">
        <text>
          <base>the payment default interest amount</base>
        </text>
      </attribute>
      <attribute name="93483d04-6847-4618-aff6-b4feb9bd25be" type="currency" validation-message="Invalid value.">
        <text>
          <base>the payment default amount</base>
        </text>
      </attribute>
      <attribute name="463eb14e-4a3f-4c68-abc2-d592c81baa58" type="currency" validation-message="Invalid value.">
        <text>
          <base>the payment interest amount</base>
        </text>
      </attribute>
      <attribute name="e6e0c1f2-d787-4f23-b0a6-2ae00331d9c4" type="currency" validation-message="Invalid value." public-name="payment_amount">
        <text>
          <base>the payment amount</base>
        </text>
      </attribute>
    </entity>
    <entity id="eac5bd8b-9d52-477f-a739-f29b9bb87a2c" name="the income source" identifying-attribute-name="24cd6dc0-a7a5-4300-80ac-4a44227d97e5" containment-relationship-id="7ef4f78b-5d68-4fa9-89d3-4fa5c447d55f" containment-parent-id="global" public-id="income_source">
      <uploads />
      <attribute name="24cd6dc0-a7a5-4300-80ac-4a44227d97e5" type="text" public-name="income_source_name" substitutable="true" default-gender="Generic" user-created="true" validation-message="Invalid value.">
        <text>
          <base>the income source</base>
        </text>
      </attribute>
      <attribute name="7e918924-96da-40a9-ab8d-392215f01d15" type="currency" user-created="true" validation-message="Invalid value." public-name="income_source_amount">
        <text>
          <base>the income source amount</base>
        </text>
      </attribute>
      <attribute name="29bbe547-c7f9-4031-96e4-fd69508d4d12" type="text" user-created="true" validation-message="Invalid value." public-name="income_source_frequency">
        <text>
          <base>the income source frequency</base>
        </text>
      </attribute>
      <attribute name="9b3b186c-7ca2-4756-b258-5439f7f33108" type="auto">
        <text>
          <base>the income source income</base>
        </text>
      </attribute>
      <attribute name="c4ce4885-ddf2-4bf7-9065-77ba112b4258" type="currency" validation-message="Invalid value.">
        <text>
          <base>the customer's monthly income from the income source</base>
        </text>
      </attribute>
    </entity>
  </entities>
  <relationships>
    <relationship relationship-id="8e5d3199-fdd5-4f3e-92dd-192321adaf88" reverse-relationship-id="bc386ddc-4a90-4ffa-802f-af97878597df" source="global" target="655a376c-440c-40d6-9aa8-74d1c5c9a6d3" is-containment="true" public-id="assets" reverse-public-id="" text="all instances of the asset" reverse-text="" type="OneToMany" is-computed="false" silent-if-known="true" invisible-if-known="true" />
    <relationship relationship-id="0e3e847f-20ff-40ae-b8d5-e6777b23c36a" reverse-relationship-id="17a77765-7068-4b87-a952-77a83bf03c87" source="global" target="8aa039a7-0624-4482-9f57-c5eec60a30ca" is-containment="true" public-id="liabilities" reverse-public-id="" text="all instances of the liability" reverse-text="" type="OneToMany" is-computed="false" silent-if-known="true" invisible-if-known="true" />
    <relationship relationship-id="bc0fc65e-6470-445b-bb31-f58191e24e16" reverse-relationship-id="3f0c7b04-901d-4616-8c0a-84ce817d4ca3" source="global" target="c8741919-b3ea-4f24-adef-40f6de3d3ba0" is-containment="true" public-id="payments" reverse-public-id="" text="all instances of the payment" reverse-text="" type="OneToMany" is-computed="false" silent-if-known="true" invisible-if-known="true" />
    <relationship relationship-id="a9a757d4-65fe-45d0-8664-ba6ff166c93c" reverse-relationship-id="7b238634-3393-48eb-a01c-c1231b0c39e9" source="global" target="c8741919-b3ea-4f24-adef-40f6de3d3ba0" is-containment="false" public-id="first_payment" reverse-public-id="" text="the first payment" reverse-text="" type="OneToOne" is-computed="false" silent-if-known="true" invisible-if-known="true" />
    <relationship relationship-id="a4711314-dfe7-4517-8a99-0720eba6a350" reverse-relationship-id="b995a766-8011-49ce-bdf0-b466c57a4a99" source="c8741919-b3ea-4f24-adef-40f6de3d3ba0" target="c8741919-b3ea-4f24-adef-40f6de3d3ba0" is-containment="false" public-id="next_payment" reverse-public-id="previous_payment" text="the next payment" reverse-text="the previous payment" type="OneToOne" is-computed="false" silent-if-known="true" invisible-if-known="true" />
    <relationship relationship-id="7ef4f78b-5d68-4fa9-89d3-4fa5c447d55f" reverse-relationship-id="03ffac26-d4f3-4d6f-bb59-ce0e592fa491" source="global" target="eac5bd8b-9d52-477f-a739-f29b9bb87a2c" is-containment="true" public-id="income_sources" reverse-public-id="" text="all instances of the income source" reverse-text="" type="OneToMany" is-computed="false" silent-if-known="true" invisible-if-known="true" />
  </relationships>
  <rule-folders />
  <rules />
</root>