﻿<?xml version="1.0" encoding="utf-8"?>
<enumerations product-version="12.2.17.350" xml:lang="en-US" region="en-AU">
  <enumeration id="762f3027-781e-4e46-8b8e-84dd8e02c384" name="LoanType" data-type="text">
    <val is-uncertain="true" node-depth="0" display-name="">
      <checked-val-img file-name="c0ef9638-f1f1-4587-a1e3-8565fcc01568.png" />
      <unchecked-val-img file-name="a4055aa9-f81c-466e-acf4-ba7f5a49aa8f.png" />
    </val>
    <val value="Car" node-depth="0" display-name="Car">
      <checked-val-img file-name="653e52e5-8a23-4db5-b9c2-122e7c21762b.png" />
      <unchecked-val-img file-name="6bc6daf2-3ea1-4ae5-84ed-29d1e0aa99e4.png" />
    </val>
    <val value="Home" node-depth="0" display-name="Home">
      <checked-val-img file-name="a5586781-83ce-4d6f-9fab-40bd95a892d3.png" />
      <unchecked-val-img file-name="ca5c3ffe-1376-4f86-9c63-7ce3e4fec56d.png" />
    </val>
    <val value="Investment" node-depth="0" display-name="Investment">
      <checked-val-img file-name="41210612-fc5d-45f6-bdf7-482fd1b55672.png" />
      <unchecked-val-img file-name="2c8feab9-2977-4a57-8611-02c7e80459c2.png" />
    </val>
  </enumeration>
  <enumeration id="833daf01-90a3-487e-81d3-0ca5dadeb7b5" name="Loan Package" data-type="text">
    <val is-uncertain="true" node-depth="0" display-name="" />
    <val value="fixed5" node-depth="0" display-name="5-year fixed" />
    <val value="variable" node-depth="0" display-name="Variable" />
  </enumeration>
  <enumeration id="ad384c8b-2f04-4ac9-a96d-fdef00168266" name="AssetType" data-type="text">
    <val is-uncertain="true" node-depth="0" display-name="" />
    <val value="Cash" node-depth="0" display-name="Cash" />
    <val value="Stocks" node-depth="0" display-name="Stocks" />
    <val value="Real Estate" node-depth="0" display-name="Real Estate" />
  </enumeration>
  <enumeration id="92bc4bc5-04d7-4f97-93ea-fcd6b5739c13" name="Liability Type" data-type="text">
    <val is-uncertain="true" node-depth="0" display-name="" />
    <val value="Home Loan" node-depth="0" display-name="Home Loan" />
    <val value="Car Loan" node-depth="0" display-name="Car Loan" />
    <val value="Credit Card" node-depth="0" display-name="Credit Card" />
  </enumeration>
</enumerations>