﻿<?xml version="1.0" encoding="utf-8"?>
<root product-version="12.2.19.0">
  <entities>
    <entity ref="global">
      <uploads />
      <attribute name="d5d3ba38-9d96-4fe4-bdf4-72021554d901" type="text" public-name="street-address" user-created="true" entity-override="true">
        <text>
          <base>the street address</base>
        </text>
      </attribute>
      <attribute name="d53a70b1-5593-41c8-9f8a-760c7f6ef56a" type="text" public-name="postal-code" user-created="true" entity-override="true">
        <text>
          <base>the postal code</base>
        </text>
      </attribute>
      <attribute name="e9707b9c-850a-4c70-9082-302301256435" type="text" public-name="city" user-created="true" entity-override="true">
        <text>
          <base>the city</base>
        </text>
      </attribute>
      <attribute name="4688eb47-4857-46f5-9ec7-ce40f62ec96c" type="text" public-name="state-province" user-created="true" entity-override="true">
        <text>
          <base>the state or province</base>
        </text>
      </attribute>
      <attribute name="83ab0297-b0ed-4788-a6b9-e743e32ef63c" type="currency" public-name="location-total-salary-cost" user-created="true" entity-override="true">
        <text>
          <base>the total salary cost for the location</base>
        </text>
      </attribute>
    </entity>
    <entity id="0a22feef-b064-4bf0-94ef-54b5185ae164" name="department" containment-relationship-id="80410b9c-6acd-49f6-a36f-8e76aca60774" containment-parent-id="global" public-id="department" identifying-attribute-name="0222d70b-b027-46e8-ad07-8e0d58fcd20a">
      <uploads />
      <attribute name="0222d70b-b027-46e8-ad07-8e0d58fcd20a" type="text" public-name="department-name" substitutable="true" user-created="true" entity-override="true">
        <text>
          <base>the department name</base>
        </text>
      </attribute>
      <attribute name="97efe726-0dfb-40bb-ad39-0791cfcb1727" type="currency" public-name="department-total-salary-cost" min-value="0" validation-message="Invalid Value." user-created="true" entity-override="true">
        <text>
          <base>the total salary cost for the department</base>
        </text>
      </attribute>
    </entity>
    <entity id="ee84d02f-e9d0-40c5-a447-63905ad771fa" name="employee" containment-relationship-id="b3bda666-fc25-4f34-8e33-c060496318c3" containment-parent-id="0a22feef-b064-4bf0-94ef-54b5185ae164" public-id="employee" identifying-attribute-name="53511bab-9538-4693-8b6f-efe35a286aa7">
      <uploads />
      <attribute name="53511bab-9538-4693-8b6f-efe35a286aa7" type="text" public-name="first-name" substitutable="true" user-created="true" entity-override="true">
        <text>
          <base>the employee's first name</base>
        </text>
      </attribute>
      <attribute name="daea0dc8-a976-4d86-842d-2835440b754a" type="text" public-name="last-name" user-created="true" entity-override="true">
        <text>
          <base>the employee's last name</base>
        </text>
      </attribute>
      <attribute name="72c32bc2-bdfa-4ba5-a2b9-8ab780f649e0" type="date" public-name="hire-date" user-created="true" entity-override="true">
        <text>
          <base>the employee's hire date</base>
        </text>
      </attribute>
      <attribute name="9dc5fc5f-b11b-4a46-9aeb-81c48d4592da" type="currency" public-name="salary" min-value="0" validation-message="Invalid Value." user-created="true" entity-override="true">
        <text>
          <base>the employee's current salary</base>
        </text>
      </attribute>
      <attribute name="cca93db7-33c2-4bd0-92b3-ba77e6c63032" type="number" public-name="commission-pct" user-created="true" entity-override="true">
        <text>
          <base>the employee's commission percentage</base>
        </text>
      </attribute>
      <attribute name="e31ae8fe-d553-4523-bec4-cad5baf99335" type="date" public-name="long-service-date" user-created="true" entity-override="true">
        <text>
          <base>the employee's long service date</base>
        </text>
      </attribute>
    </entity>
  </entities>
  <relationships>
    <relationship relationship-id="80410b9c-6acd-49f6-a36f-8e76aca60774" reverse-relationship-id="c10c9d09-ad5b-4780-8932-062df15bedf2" source="global" target="0a22feef-b064-4bf0-94ef-54b5185ae164" is-containment="true" public-id="all-departments" reverse-public-id="all-departments-rev" text="all instances of department" reverse-text="" type="OneToMany" is-computed="false" />
    <relationship relationship-id="b3bda666-fc25-4f34-8e33-c060496318c3" reverse-relationship-id="5d20438d-98ea-4881-84c1-adae182af678" source="0a22feef-b064-4bf0-94ef-54b5185ae164" target="ee84d02f-e9d0-40c5-a447-63905ad771fa" is-containment="true" public-id="all-employees" reverse-public-id="all-employees-rev" text="all instances of employee for department" reverse-text="" type="OneToMany" is-computed="false" />
  </relationships>
  <rule-folders />
  <rules />
</root>