﻿<?xml version="1.0" encoding="utf-8"?>
<root product-version="12.2.19.0">
  <entities>
    <entity ref="global">
      <uploads />
      <attribute name="239231b1-237a-4cf6-954f-60a9cdbf36bf" type="text" public-name="existing_plan" validation-message="Invalid value.">
        <text>
          <base>the customer's existing plan</base>
        </text>
      </attribute>
      <attribute name="05a85db3-4268-4971-ab29-0a9a25bb1473" type="text" public-name="future_plan" validation-message="Invalid value.">
        <text>
          <base>the customer's future plan</base>
        </text>
      </attribute>
      <attribute name="c8c897ec-1a9c-4ca8-aa91-bf207088a72e" type="auto" public-name="voicemail_service_action">
        <text>
          <base>the Voicemail service action</base>
        </text>
      </attribute>
      <attribute name="9138612e-80bb-409c-88c0-b52902af3f92" type="auto" public-name="online_billing_service_action">
        <text>
          <base>the online billing service action</base>
        </text>
      </attribute>
      <attribute name="c8b4fd0e-2f80-42d7-af81-58f28f5c78ad" type="auto" public-name="twentyfour_hour_support_service_action">
        <text>
          <base>the 24 hour support service action</base>
        </text>
      </attribute>
      <attribute name="fb7043ac-c15e-422a-b80b-1b5cca8b8f03" type="auto" public-name="priority_service_action">
        <text>
          <base>the priority service action</base>
        </text>
      </attribute>
      <attribute name="44105226-5aed-4cce-ad2d-2d214d77565c" type="boolean" validation-message="Invalid value." public-name="hide_voicemail_service">
        <text>
          <base>the voicemail service action should be hidden</base>
          <parse>s(ver('12.2.1.0'),v(hide+should,t(simple,modal,normal)),ob('the voicemail service action',singular))</parse>
        </text>
      </attribute>
      <attribute name="eae035f3-3c60-4ec6-ae76-4949be292a55" type="boolean" validation-message="Invalid value." public-name="hide_online_billing_service">
        <text>
          <base>the online billing service action should be hidden</base>
          <parse>s(ver('12.2.1.0'),v(hide+should,t(simple,modal,normal)),ob('the online billing service action',singular))</parse>
        </text>
      </attribute>
      <attribute name="d4923358-51f1-4299-ab34-d54c80377515" type="boolean" validation-message="Invalid value." public-name="hide_24hr_support_service">
        <text>
          <base>the 24 hour support service action should be hidden</base>
          <parse>s(ver('12.2.1.0'),v(hide+should,t(simple,modal,normal)),ob('the 24 hour support service action',singular))</parse>
        </text>
      </attribute>
      <attribute name="4acf64c2-c934-4d12-b728-ef33dff4ee43" type="boolean" validation-message="Invalid value." public-name="hide_priority_service">
        <text>
          <base>the priority service action should be hidden</base>
          <parse>s(ver('12.2.1.0'),v(hide+should,t(simple,modal,normal)),ob('the priority service action',singular))</parse>
        </text>
      </attribute>
      <attribute name="3ccf85fd-69ec-4a0e-b135-81bae8f4b87e" type="boolean" validation-message="Invalid value.">
        <text>
          <base>the future product has 24 hour helpdesk support</base>
          <parse>s(ver('12.2.1.0'),v(have,t(simple,present,normal)),sb('the future product',singular),o('24 hour helpdesk support'))</parse>
        </text>
      </attribute>
      <attribute name="6be25ebb-26d3-41e6-b866-bb3cd5e0f04e" type="boolean" validation-message="Invalid value.">
        <text>
          <base>the existing product has 24 hour helpdesk support</base>
          <parse>s(ver('12.2.1.0'),v(have,t(simple,present,normal)),sb('the existing product',singular),o('24 hour helpdesk support'))</parse>
        </text>
      </attribute>
      <attribute name="22e98e91-fb66-4b88-8569-fb599550979b" type="boolean" validation-message="Invalid value.">
        <text>
          <base>the future product has voicemail</base>
          <parse>s(ver('12.2.1.0'),v(have,t(simple,present,normal)),sb('the future product',singular),o('voicemail'))</parse>
        </text>
      </attribute>
      <attribute name="f0412404-6fc8-46e0-a1cf-d47f83d40be3" type="boolean" validation-message="Invalid value.">
        <text>
          <base>the existing product has online billing</base>
          <parse>s(ver('12.2.1.0'),v(have,t(simple,present,normal)),sb('the existing product',singular),o('online billing'))</parse>
        </text>
      </attribute>
      <attribute name="3e676b3b-8e51-4720-a420-066c51851476" type="boolean" validation-message="Invalid value.">
        <text>
          <base>the existing product has voicemail</base>
          <parse>s(ver('12.2.1.0'),v(have,t(simple,present,normal)),sb('the existing product',singular),o('voicemail'))</parse>
        </text>
      </attribute>
    </entity>
    <entity id="7a732a66-4c7f-4065-bc16-6426ef80899f" name="the service" identifying-attribute-name="4951e9be-6238-4461-9dce-46d9961c5bcc" containment-relationship-id="fb00e003-ea2e-40f4-93f8-b69ccdcac1d8" containment-parent-id="global" public-id="service">
      <uploads />
      <attribute name="4951e9be-6238-4461-9dce-46d9961c5bcc" type="text" public-name="service_name" substitutable="true" default-gender="generic" user-created="true">
        <text>
          <base>the service</base>
          <parse></parse>
        </text>
      </attribute>
      <attribute name="0eefbdc3-f008-425b-b19e-cc7a9630eefc" type="text" public-name="service_status">
        <text>
          <base>the action on the service</base>
          <parse></parse>
        </text>
      </attribute>
      <attribute name="55da6343-dae4-41d9-8790-f54debdd393e" type="boolean" validation-message="Invalid value." public-name="service_existed_previously">
        <text>
          <base>the service existed previously</base>
          <parse>s(ver('12.2.1.0'),v(exist,t(simple,past,normal)),sb('the service',plural),o('previously'))</parse>
        </text>
      </attribute>
      <attribute name="057be9f3-480d-42df-a1f7-920328d4916c" type="boolean" validation-message="Invalid value." public-name="service_required_in_future">
        <text>
          <base>the service is required in future</base>
          <parse>s(ver('12.2.1.0'),v(require,t(simple,present,normal)),ob('the service',singular),o('in future'))</parse>
        </text>
      </attribute>
    </entity>
  </entities>
  <relationships>
    <relationship relationship-id="fb00e003-ea2e-40f4-93f8-b69ccdcac1d8" reverse-relationship-id="2587e35b-6fc5-4fe8-8e4f-90c278e44748" source="global" target="7a732a66-4c7f-4065-bc16-6426ef80899f" is-containment="true" public-id="all-services" reverse-public-id="" text="the services" reverse-text="" type="OneToMany" is-computed="false" />
    <relationship relationship-id="77d8d45d-0702-4166-aaba-e6c95b16fb63" reverse-relationship-id="66a76f11-e8fb-4bec-aa53-381032cc926a" source="global" target="7a732a66-4c7f-4065-bc16-6426ef80899f" is-containment="false" public-id="" reverse-public-id="" text="the future services" reverse-text="the customer who has this as a future service" type="OneToMany" is-computed="false" />
    <relationship relationship-id="98e59d19-f720-4f8d-ad88-202faa421c70" reverse-relationship-id="81cbfd30-86fb-4c17-9323-02f4df5393cf" source="global" target="7a732a66-4c7f-4065-bc16-6426ef80899f" is-containment="false" public-id="" reverse-public-id="" text="the existing services" reverse-text="the customer who has this as an existing service" type="OneToMany" is-computed="false" />
  </relationships>
  <rule-folders />
  <rules />
</root>